<?xml version="1.0"?>
<Runs Version="1" Minor="0">
	<Run Id="design_1_top_mlp_0_0_synth_1" LaunchDir="F:/IDSL/10_Work/00_23_DSD_TA/54_2023DSD_Termprj/04_Demo_Environment/dsd_mlp.runs/design_1_top_mlp_0_0_synth_1" FlowId="Vivado_Synthesis" FromStepId="vivado" ToStepId="vivado"/>
	<Run Id="synth_1" LaunchDir="F:/IDSL/10_Work/00_23_DSD_TA/54_2023DSD_Termprj/04_Demo_Environment/dsd_mlp.runs/synth_1" FlowId="Vivado_Synthesis" FromStepId="vivado" ToStepId="vivado">
		<Parent Id="design_1_top_mlp_0_0_synth_1"/>
	</Run>
	<Run Id="impl_1" LaunchDir="F:/IDSL/10_Work/00_23_DSD_TA/54_2023DSD_Termprj/04_Demo_Environment/dsd_mlp.runs/impl_1" FlowId="Vivado_Implementation" FromStepId="init_design" ToStepId="write_bitstream">
		<Parent Id="synth_1"/>
		<Parent Id="design_1_top_mlp_0_0_synth_1"/>
	</Run>
	<Parameters>
		<Parameter Name="runs.monitorLSFJobs" Val="true" Type="bool"/>
	</Parameters>
</Runs>

