<?xml version="1.0"?>
<Runs Version="1" Minor="0">
	<Run Id="design_1_blk_mem_gen_0_0_synth_1" LaunchDir="C:/Users/IDSL/Desktop/dsd_mlp/dsd_mlp.runs/design_1_blk_mem_gen_0_0_synth_1" FlowId="Vivado_Synthesis" FromStepId="vivado" ToStepId="vivado"/>
	<Run Id="design_1_proc_sys_reset_0_0_synth_1" LaunchDir="C:/Users/IDSL/Desktop/dsd_mlp/dsd_mlp.runs/design_1_proc_sys_reset_0_0_synth_1" FlowId="Vivado_Synthesis" FromStepId="vivado" ToStepId="vivado"/>
	<Run Id="design_1_processing_system7_0_0_synth_1" LaunchDir="C:/Users/IDSL/Desktop/dsd_mlp/dsd_mlp.runs/design_1_processing_system7_0_0_synth_1" FlowId="Vivado_Synthesis" FromStepId="vivado" ToStepId="vivado"/>
	<Run Id="design_1_smartconnect_0_0_synth_1" LaunchDir="C:/Users/IDSL/Desktop/dsd_mlp/dsd_mlp.runs/design_1_smartconnect_0_0_synth_1" FlowId="Vivado_Synthesis" FromStepId="vivado" ToStepId="vivado"/>
	<Run Id="design_1_axi_bram_ctrl_0_0_synth_1" LaunchDir="C:/Users/IDSL/Desktop/dsd_mlp/dsd_mlp.runs/design_1_axi_bram_ctrl_0_0_synth_1" FlowId="Vivado_Synthesis" FromStepId="vivado" ToStepId="vivado"/>
	<Run Id="design_1_top_mlp_0_0_synth_1" LaunchDir="C:/Users/IDSL/Desktop/dsd_mlp/dsd_mlp.runs/design_1_top_mlp_0_0_synth_1" FlowId="Vivado_Synthesis" FromStepId="vivado" ToStepId="vivado"/>
	<Run Id="synth_1" LaunchDir="C:/Users/IDSL/Desktop/dsd_mlp/dsd_mlp.runs/synth_1" FlowId="Vivado_Synthesis" FromStepId="vivado" ToStepId="vivado">
		<Parent Id="design_1_blk_mem_gen_0_0_synth_1"/>
		<Parent Id="design_1_proc_sys_reset_0_0_synth_1"/>
		<Parent Id="design_1_processing_system7_0_0_synth_1"/>
		<Parent Id="design_1_smartconnect_0_0_synth_1"/>
		<Parent Id="design_1_axi_bram_ctrl_0_0_synth_1"/>
		<Parent Id="design_1_top_mlp_0_0_synth_1"/>
	</Run>
	<Run Id="impl_1" LaunchDir="C:/Users/IDSL/Desktop/dsd_mlp/dsd_mlp.runs/impl_1" FlowId="Vivado_Implementation" FromStepId="init_design" ToStepId="write_bitstream">
		<Parent Id="synth_1"/>
		<Parent Id="design_1_blk_mem_gen_0_0_synth_1"/>
		<Parent Id="design_1_proc_sys_reset_0_0_synth_1"/>
		<Parent Id="design_1_processing_system7_0_0_synth_1"/>
		<Parent Id="design_1_smartconnect_0_0_synth_1"/>
		<Parent Id="design_1_axi_bram_ctrl_0_0_synth_1"/>
		<Parent Id="design_1_top_mlp_0_0_synth_1"/>
	</Run>
	<Parameters>
		<Parameter Name="runs.monitorLSFJobs" Val="true" Type="bool"/>
	</Parameters>
</Runs>

