<?xml version="1.0"?>
<Runs Version="1" Minor="0">
	<Run Id="design_1_top_mlp_0_0_synth_1" LaunchDir="C:/Users/kiki1/Desktop/dsd2024/DSD24_Termprj_Provided_Materials/00_RTL_Skeleton/dsd_mlp.runs/design_1_top_mlp_0_0_synth_1" FlowId="Vivado_Synthesis" FromStepId="vivado" ToStepId="vivado"/>
	<Run Id="synth_1" LaunchDir="C:/Users/kiki1/Desktop/dsd2024/DSD24_Termprj_Provided_Materials/00_RTL_Skeleton/dsd_mlp.runs/synth_1" FlowId="Vivado_Synthesis" FromStepId="vivado" ToStepId="vivado">
		<Parent Id="design_1_top_mlp_0_0_synth_1"/>
	</Run>
	<Run Id="impl_1" LaunchDir="C:/Users/kiki1/Desktop/dsd2024/DSD24_Termprj_Provided_Materials/00_RTL_Skeleton/dsd_mlp.runs/impl_1" FlowId="Vivado_Implementation" FromStepId="init_design" ToStepId="route_design">
		<Parent Id="synth_1"/>
		<Parent Id="design_1_top_mlp_0_0_synth_1"/>
	</Run>
	<Parameters>
		<Parameter Name="runs.monitorLSFJobs" Val="true" Type="bool"/>
	</Parameters>
</Runs>

